hour_of_day,avg_occupancy_rate
10,0.46301074612002185
11,0.45659899667016823
12,0.45117668663010535
13,0.43961632153880736
14,0.4545064501098685
15,0.44199051220057806
16,0.44447648733433515
17,0.4182788552174929
18,0.4321621644939304
19,0.42316582448077794
20,0.41311715739670263
21,0.39803670610816494
22,0.39685966798203126
