hour_of_day,avg_occupancy_rate
10,0.4250348455621002
11,0.41576178100881434
12,0.41142689885601846
13,0.4050598716593254
14,0.4148561509121913
15,0.4055970189157061
16,0.40324531860687274
17,0.3789220074512749
18,0.39303026929329554
19,0.38336451880972744
20,0.37106872258346274
21,0.3500139185610084
22,0.34339060516254344
